Time,Outcome,Moves
33:21.6,Solved,72
2022-11-28 16:40:15.114773,Solved,56
2022-11-29 11:59:12.450411,Solved,61
2022-11-29 12:08:32.224669,Solved,54
2022-11-29 13:44:08.350765,Solved,81
2022-11-29 14:55:43.712962,Solved,58
2022-11-29 15:29:13.465480,Solved,68
2022-11-30 14:14:24.627208,Solved,56
2022-11-30 14:29:38.530214,Solved,55
2022-11-30 14:34:23.847500,Solved,55
2022-11-30 14:38:39.361363,Solved,78
2022-11-30 14:44:13.428153,Solved,79
2022-12-01 15:18:32.179987,Solved,54
2022-12-01 15:25:09.804843,Solved,52
2022-12-01 15:59:40.504420,Solved,72
2022-12-01 16:04:14.402255,Solved,52
2022-12-05 21:43:21.218520,Solved,62
2022-12-06 15:08:23.038953,Solved,79
2022-12-06 15:31:00.597114,Solved,58

2022-12-10 12:13:56.636277,Solved,57
